row_type,Name,Identifier,Description,Start Date,Target Date,Network,Cycle View,Module View,Issue Views View,Page View,Intake View,Is Time Tracking Enabled,Is Issue Type Enabled,Guest View All Features,Epic Enabled,State Templates,Label Templates,Task Custom Properties,Epic Custom Properties,Additional Work Item Types,External Key,Description Html,State,Priority,Is Draft,Parent External Key,Issue Type,Labels,Assignee Emails,Custom Properties
project,IT Helpdesk i utrzymanie,ITHELP,"Zgłoszenia użytkowników, awarie stanowisk, onboarding sprzętu i utrzymanie sieci biurowej.",2026-01-01,2026-12-31,2,True,True,True,True,True,False,True,False,True,"[{""name"": ""Nowe"", ""group"": ""backlog"", ""color"": ""#60646C"", ""default"": true}, {""name"": ""W kolejce"", ""group"": ""unstarted"", ""color"": ""#3B82F6""}, {""name"": ""W trakcie"", ""group"": ""started"", ""color"": ""#F59E0B""}, {""name"": ""Oczekuje na usera"", ""group"": ""started"", ""color"": ""#8B5CF6""}, {""name"": ""Rozwiązane"", ""group"": ""completed"", ""color"": ""#46A758""}, {""name"": ""Anulowane"", ""group"": ""cancelled"", ""color"": ""#EF4444""}]","[{""name"": ""Hardware"", ""color"": ""#0EA5E9""}, {""name"": ""Software"", ""color"": ""#6366F1""}, {""name"": ""Sieć"", ""color"": ""#14B8A6""}, {""name"": ""Dostęp"", ""color"": ""#F97316""}, {""name"": ""Drukarka"", ""color"": ""#A855F7""}, {""name"": ""Pilne"", ""color"": ""#DC2626""}]","[{""title"": ""Lokalizacja"", ""property_type"": ""dropdown"", ""options"": [""Biuro A"", ""Biuro B"", ""Remote"", ""Magazyn""], ""select_mode"": ""single"", ""is_mandatory"": true, ""is_active"": true}, {""title"": ""Numer inwentarzowy"", ""property_type"": ""text"", ""is_mandatory"": false, ""is_active"": true}, {""title"": ""Czas rozwiązania (h)"", ""property_type"": ""number"", ""is_mandatory"": false, ""is_active"": true}]","[{""title"": ""Obszar IT"", ""property_type"": ""dropdown"", ""options"": [""Endpoint"", ""Infra"", ""Tożsamość"", ""Aplikacje""], ""select_mode"": ""single"", ""is_mandatory"": false, ""is_active"": true}]","[{""name"": ""Incydent"", ""description"": ""Awaria wpływająca na pracę użytkownika"", ""custom_properties"": [{""title"": ""Wpływ"", ""property_type"": ""dropdown"", ""options"": [""Jeden użytkownik"", ""Zespół"", ""Cała firma""], ""select_mode"": ""single"", ""is_mandatory"": true, ""is_active"": true}]}, {""name"": ""Zmiana"", ""description"": ""Planowana zmiana konfiguracji"", ""custom_properties"": []}]",,,,,,,,,,
work_item,Onboarding sprzętowy Q1,,,2026-01-15,2026-06-30,,,,,,,,,,,,,,,,EPIK-ONBOARD,<p>Epik obejmujący zgłoszenia z obszaru: Endpoint.</p>,W trakcie,high,False,,Epic,"[""Hardware""]","[""helpdesk.lead@example.com"", ""network.admin@example.com""]","{""Obszar IT"": ""Endpoint""}"
work_item,Stabilizacja sieci biurowej,,,2026-01-15,2026-06-30,,,,,,,,,,,,,,,,EPIK-NET,<p>Epik obejmujący zgłoszenia z obszaru: Infra.</p>,W trakcie,high,False,,Epic,"[""Sieć""]",[],"{""Obszar IT"": ""Infra""}"
work_item,Uporządkowanie dostępów i haseł,,,2026-01-15,2026-06-30,,,,,,,,,,,,,,,,EPIK-ID,<p>Epik obejmujący zgłoszenia z obszaru: Tożsamość.</p>,W trakcie,high,False,,Epic,"[""Dostęp""]",[],"{""Obszar IT"": ""Tożsamość""}"
work_item,Standaryzacja aplikacji biurowych,,,2026-01-15,2026-06-30,,,,,,,,,,,,,,,,EPIK-APPS,<p>Epik obejmujący zgłoszenia z obszaru: Aplikacje.</p>,W trakcie,high,False,,Epic,"[""Software""]","[""onboarding@example.com""]","{""Obszar IT"": ""Aplikacje""}"
work_item,Laptop nie startuje #1,,,,,,,,,,,,,,,,,,,,WI-001,<p>Zgłoszenie helpdesk: Laptop nie startuje. Lokalizacja: Biuro A. Numer sprawy wewnętrznej HD-0001.</p>,Nowe,high,False,EPIK-ONBOARD,Incydent,"[""Hardware"", ""Pilne""]",[],"{""Lokalizacja"": ""Biuro A"", ""Numer inwentarzowy"": ""IT-1001"", ""Wpływ"": ""Zespół""}"
work_item,Brak dostępu do VPN #2,,,2026-02-01,,,,,,,,,,,,,,,,,WI-002,<p>Zgłoszenie helpdesk: Brak dostępu do VPN. Lokalizacja: Remote. Numer sprawy wewnętrznej HD-0002.</p>,W kolejce,urgent,False,EPIK-NET,Incydent,"[""Dostęp"", ""Sieć""]",[],"{""Lokalizacja"": ""Remote"", ""Numer inwentarzowy"": ""IT-1002"", ""Wpływ"": ""Cała firma""}"
work_item,Drukarka nie drukuje #3,,,,,,,,,,,,,,,,,,,,WI-003,<p>Zgłoszenie helpdesk: Drukarka nie drukuje. Lokalizacja: Biuro B. Numer sprawy wewnętrznej HD-0003.</p>,W trakcie,medium,False,EPIK-ID,Incydent,"[""Drukarka"", ""Hardware""]","[""nieistniejacy.user@example.com""]","{""Lokalizacja"": ""Biuro B"", ""Numer inwentarzowy"": ""IT-1003"", ""Czas rozwiązania (h)"": 4, ""Wpływ"": ""Jeden użytkownik""}"
work_item,Reset hasła AD #4,,,2026-02-01,2026-03-15,,,,,,,,,,,,,,,,WI-004,<p>Zgłoszenie helpdesk: Reset hasła AD. Lokalizacja: Biuro A. Numer sprawy wewnętrznej HD-0004.</p>,Oczekuje na usera,low,False,EPIK-APPS,Task,"[""Dostęp"", ""Software""]",[],"{""Lokalizacja"": ""Biuro A"", ""Numer inwentarzowy"": ""IT-1004""}"
work_item,Instalacja pakietu Office #5,,,,,,,,,,,,,,,,,,,,WI-005,<p>Zgłoszenie helpdesk: Instalacja pakietu Office. Lokalizacja: Biuro A. Numer sprawy wewnętrznej HD-0005.</p>,Rozwiązane,medium,False,EPIK-ONBOARD,Zmiana,"[""Software""]",[],"{""Lokalizacja"": ""Biuro A"", ""Numer inwentarzowy"": ""IT-1005""}"
work_item,Nowy monitor na stanowisku #6,,,2026-02-01,,,,,,,,,,,,,,,,,WI-006,<p>Zgłoszenie helpdesk: Nowy monitor na stanowisku. Lokalizacja: Biuro B. Numer sprawy wewnętrznej HD-0006.</p>,Nowe,low,False,EPIK-NET,Zmiana,"[""Hardware""]","[""network.admin@example.com"", ""nieistniejacy.user@example.com""]","{""Lokalizacja"": ""Biuro B"", ""Numer inwentarzowy"": ""IT-1006"", ""Czas rozwiązania (h)"": 7}"
work_item,Wolne łącze Wi‑Fi #7,,,,,,,,,,,,,,,,,,,,WI-007,<p>Zgłoszenie helpdesk: Wolne łącze Wi‑Fi. Lokalizacja: Biuro A. Numer sprawy wewnętrznej HD-0007.</p>,W kolejce,high,False,EPIK-ID,Incydent,"[""Sieć"", ""Pilne""]",[],"{""Lokalizacja"": ""Biuro A"", ""Numer inwentarzowy"": ""IT-1007"", ""Wpływ"": ""Zespół""}"
work_item,Konfiguracja skrzynki shared #8,,,2026-02-01,2026-03-15,,,,,,,,,,,,,,,,WI-008,<p>Zgłoszenie helpdesk: Konfiguracja skrzynki shared. Lokalizacja: Remote. Numer sprawy wewnętrznej HD-0008.</p>,W trakcie,medium,False,EPIK-APPS,Zmiana,"[""Dostęp"", ""Software""]",[],"{""Lokalizacja"": ""Remote"", ""Numer inwentarzowy"": ""IT-1008""}"
work_item,Aktualizacja Windows #9,,,,,,,,,,,,,,,,,,,,WI-009,<p>Zgłoszenie helpdesk: Aktualizacja Windows. Lokalizacja: Biuro A. Numer sprawy wewnętrznej HD-0009.</p>,Oczekuje na usera,low,False,EPIK-ONBOARD,Zmiana,"[""Software""]","[""helpdesk.lead@example.com""]","{""Lokalizacja"": ""Biuro A"", ""Numer inwentarzowy"": ""IT-1009"", ""Czas rozwiązania (h)"": 2}"
work_item,Awaria switcha piętro 2 #10,,,2026-02-01,,,,,,,,,,,,,,,,,WI-010,<p>Zgłoszenie helpdesk: Awaria switcha piętro 2. Lokalizacja: Biuro B. Numer sprawy wewnętrznej HD-0010.</p>,Rozwiązane,urgent,False,EPIK-NET,Incydent,"[""Sieć"", ""Pilne""]",[],"{""Lokalizacja"": ""Biuro B"", ""Numer inwentarzowy"": ""IT-1010"", ""Wpływ"": ""Zespół""}"
work_item,Laptop nie startuje #11,,,,,,,,,,,,,,,,,,,,WI-011,<p>Zgłoszenie helpdesk: Laptop nie startuje. Lokalizacja: Biuro A. Numer sprawy wewnętrznej HD-0011.</p>,Nowe,high,False,EPIK-ID,Incydent,"[""Hardware"", ""Pilne""]",[],"{""Lokalizacja"": ""Biuro A"", ""Numer inwentarzowy"": ""IT-1011"", ""Wpływ"": ""Cała firma""}"
work_item,Brak dostępu do VPN #12,,,2026-02-01,2026-03-15,,,,,,,,,,,,,,,,WI-012,<p>Zgłoszenie helpdesk: Brak dostępu do VPN. Lokalizacja: Remote. Numer sprawy wewnętrznej HD-0012.</p>,W kolejce,urgent,False,EPIK-APPS,Incydent,"[""Dostęp"", ""Sieć""]","[""onboarding@example.com""]","{""Lokalizacja"": ""Remote"", ""Numer inwentarzowy"": ""IT-1012"", ""Czas rozwiązania (h)"": 5, ""Wpływ"": ""Jeden użytkownik""}"
work_item,Drukarka nie drukuje #13,,,,,,,,,,,,,,,,,,,,WI-013,<p>Zgłoszenie helpdesk: Drukarka nie drukuje. Lokalizacja: Biuro B. Numer sprawy wewnętrznej HD-0013.</p>,W trakcie,medium,False,EPIK-ONBOARD,Incydent,"[""Drukarka"", ""Hardware""]",[],"{""Lokalizacja"": ""Biuro B"", ""Numer inwentarzowy"": ""IT-1013"", ""Wpływ"": ""Zespół""}"
work_item,Reset hasła AD #14,,,2026-02-01,,,,,,,,,,,,,,,,,WI-014,<p>Zgłoszenie helpdesk: Reset hasła AD. Lokalizacja: Biuro A. Numer sprawy wewnętrznej HD-0014.</p>,Oczekuje na usera,low,False,EPIK-NET,Task,"[""Dostęp"", ""Software""]",[],"{""Lokalizacja"": ""Biuro A"", ""Numer inwentarzowy"": ""IT-1014""}"
work_item,Instalacja pakietu Office #15,,,,,,,,,,,,,,,,,,,,WI-015,<p>Zgłoszenie helpdesk: Instalacja pakietu Office. Lokalizacja: Biuro A. Numer sprawy wewnętrznej HD-0015.</p>,Rozwiązane,medium,False,EPIK-ID,Zmiana,"[""Software""]","[""nieistniejacy.user@example.com"", ""onboarding@example.com""]","{""Lokalizacja"": ""Biuro A"", ""Numer inwentarzowy"": ""IT-1015"", ""Czas rozwiązania (h)"": 8}"
work_item,Nowy monitor na stanowisku #16,,,2026-02-01,2026-03-15,,,,,,,,,,,,,,,,WI-016,<p>Zgłoszenie helpdesk: Nowy monitor na stanowisku. Lokalizacja: Biuro B. Numer sprawy wewnętrznej HD-0016.</p>,Nowe,low,False,EPIK-APPS,Zmiana,"[""Hardware""]",[],"{""Lokalizacja"": ""Biuro B"", ""Numer inwentarzowy"": ""IT-1016""}"
work_item,Wolne łącze Wi‑Fi #17,,,,,,,,,,,,,,,,,,,,WI-017,<p>Zgłoszenie helpdesk: Wolne łącze Wi‑Fi. Lokalizacja: Biuro A. Numer sprawy wewnętrznej HD-0017.</p>,W kolejce,high,False,EPIK-ONBOARD,Incydent,"[""Sieć"", ""Pilne""]",[],"{""Lokalizacja"": ""Biuro A"", ""Numer inwentarzowy"": ""IT-1017"", ""Wpływ"": ""Cała firma""}"
work_item,Konfiguracja skrzynki shared #18,,,2026-02-01,,,,,,,,,,,,,,,,,WI-018,<p>Zgłoszenie helpdesk: Konfiguracja skrzynki shared. Lokalizacja: Remote. Numer sprawy wewnętrznej HD-0018.</p>,W trakcie,medium,False,EPIK-NET,Zmiana,"[""Dostęp"", ""Software""]","[""network.admin@example.com""]","{""Lokalizacja"": ""Remote"", ""Numer inwentarzowy"": ""IT-1018"", ""Czas rozwiązania (h)"": 3}"
work_item,Aktualizacja Windows #19,,,,,,,,,,,,,,,,,,,,WI-019,<p>Zgłoszenie helpdesk: Aktualizacja Windows. Lokalizacja: Biuro A. Numer sprawy wewnętrznej HD-0019.</p>,Oczekuje na usera,low,False,EPIK-ID,Zmiana,"[""Software""]",[],"{""Lokalizacja"": ""Biuro A"", ""Numer inwentarzowy"": ""IT-1019""}"
work_item,Awaria switcha piętro 2 #20,,,2026-02-01,2026-03-15,,,,,,,,,,,,,,,,WI-020,<p>Zgłoszenie helpdesk: Awaria switcha piętro 2. Lokalizacja: Biuro B. Numer sprawy wewnętrznej HD-0020.</p>,Rozwiązane,urgent,False,EPIK-APPS,Incydent,"[""Sieć"", ""Pilne""]",[],"{""Lokalizacja"": ""Biuro B"", ""Numer inwentarzowy"": ""IT-1020"", ""Wpływ"": ""Cała firma""}"
work_item,Laptop nie startuje #21,,,,,,,,,,,,,,,,,,,,WI-021,<p>Zgłoszenie helpdesk: Laptop nie startuje. Lokalizacja: Biuro A. Numer sprawy wewnętrznej HD-0021.</p>,Nowe,high,False,EPIK-ONBOARD,Incydent,"[""Hardware"", ""Pilne""]","[""helpdesk.lead@example.com""]","{""Lokalizacja"": ""Biuro A"", ""Numer inwentarzowy"": ""IT-1021"", ""Czas rozwiązania (h)"": 6, ""Wpływ"": ""Jeden użytkownik""}"
work_item,Brak dostępu do VPN #22,,,2026-02-01,,,,,,,,,,,,,,,,,WI-022,<p>Zgłoszenie helpdesk: Brak dostępu do VPN. Lokalizacja: Remote. Numer sprawy wewnętrznej HD-0022.</p>,W kolejce,urgent,False,EPIK-NET,Incydent,"[""Dostęp"", ""Sieć""]",[],"{""Lokalizacja"": ""Remote"", ""Numer inwentarzowy"": ""IT-1022"", ""Wpływ"": ""Zespół""}"
work_item,Drukarka nie drukuje #23,,,,,,,,,,,,,,,,,,,,WI-023,<p>Zgłoszenie helpdesk: Drukarka nie drukuje. Lokalizacja: Biuro B. Numer sprawy wewnętrznej HD-0023.</p>,W trakcie,medium,False,EPIK-ID,Incydent,"[""Drukarka"", ""Hardware""]",[],"{""Lokalizacja"": ""Biuro B"", ""Numer inwentarzowy"": ""IT-1023"", ""Wpływ"": ""Cała firma""}"
work_item,Reset hasła AD #24,,,2026-02-01,2026-03-15,,,,,,,,,,,,,,,,WI-024,<p>Zgłoszenie helpdesk: Reset hasła AD. Lokalizacja: Biuro A. Numer sprawy wewnętrznej HD-0024.</p>,Oczekuje na usera,low,False,EPIK-APPS,Task,"[""Dostęp"", ""Software""]","[""onboarding@example.com"", ""helpdesk.lead@example.com""]","{""Lokalizacja"": ""Biuro A"", ""Numer inwentarzowy"": ""IT-1024"", ""Czas rozwiązania (h)"": 1}"
work_item,Instalacja pakietu Office #25,,,,,,,,,,,,,,,,,,,,WI-025,<p>Zgłoszenie helpdesk: Instalacja pakietu Office. Lokalizacja: Biuro A. Numer sprawy wewnętrznej HD-0025.</p>,Rozwiązane,medium,False,EPIK-ONBOARD,Zmiana,"[""Software""]",[],"{""Lokalizacja"": ""Biuro A"", ""Numer inwentarzowy"": ""IT-1025""}"
work_item,Nowy monitor na stanowisku #26,,,2026-02-01,,,,,,,,,,,,,,,,,WI-026,<p>Zgłoszenie helpdesk: Nowy monitor na stanowisku. Lokalizacja: Biuro B. Numer sprawy wewnętrznej HD-0026.</p>,Nowe,low,False,EPIK-NET,Zmiana,"[""Hardware""]",[],"{""Lokalizacja"": ""Biuro B"", ""Numer inwentarzowy"": ""IT-1026""}"
work_item,Wolne łącze Wi‑Fi #27,,,,,,,,,,,,,,,,,,,,WI-027,<p>Zgłoszenie helpdesk: Wolne łącze Wi‑Fi. Lokalizacja: Biuro A. Numer sprawy wewnętrznej HD-0027.</p>,W kolejce,high,False,EPIK-ID,Incydent,"[""Sieć"", ""Pilne""]","[""nieistniejacy.user@example.com""]","{""Lokalizacja"": ""Biuro A"", ""Numer inwentarzowy"": ""IT-1027"", ""Czas rozwiązania (h)"": 4, ""Wpływ"": ""Jeden użytkownik""}"
work_item,Konfiguracja skrzynki shared #28,,,2026-02-01,2026-03-15,,,,,,,,,,,,,,,,WI-028,<p>Zgłoszenie helpdesk: Konfiguracja skrzynki shared. Lokalizacja: Remote. Numer sprawy wewnętrznej HD-0028.</p>,W trakcie,medium,False,EPIK-APPS,Zmiana,"[""Dostęp"", ""Software""]",[],"{""Lokalizacja"": ""Remote"", ""Numer inwentarzowy"": ""IT-1028""}"
work_item,Aktualizacja Windows #29,,,,,,,,,,,,,,,,,,,,WI-029,<p>Zgłoszenie helpdesk: Aktualizacja Windows. Lokalizacja: Biuro A. Numer sprawy wewnętrznej HD-0029.</p>,Oczekuje na usera,low,False,EPIK-ONBOARD,Zmiana,"[""Software""]",[],"{""Lokalizacja"": ""Biuro A"", ""Numer inwentarzowy"": ""IT-1029""}"
work_item,Awaria switcha piętro 2 #30,,,2026-02-01,,,,,,,,,,,,,,,,,WI-030,<p>Zgłoszenie helpdesk: Awaria switcha piętro 2. Lokalizacja: Biuro B. Numer sprawy wewnętrznej HD-0030.</p>,Rozwiązane,urgent,False,EPIK-NET,Incydent,"[""Sieć"", ""Pilne""]","[""network.admin@example.com""]","{""Lokalizacja"": ""Biuro B"", ""Numer inwentarzowy"": ""IT-1030"", ""Czas rozwiązania (h)"": 7, ""Wpływ"": ""Jeden użytkownik""}"
work_item,Laptop nie startuje #31,,,,,,,,,,,,,,,,,,,,WI-031,<p>Zgłoszenie helpdesk: Laptop nie startuje. Lokalizacja: Biuro A. Numer sprawy wewnętrznej HD-0031.</p>,Nowe,high,False,EPIK-ID,Incydent,"[""Hardware"", ""Pilne""]",[],"{""Lokalizacja"": ""Biuro A"", ""Numer inwentarzowy"": ""IT-1031"", ""Wpływ"": ""Zespół""}"
work_item,Brak dostępu do VPN #32,,,2026-02-01,2026-03-15,,,,,,,,,,,,,,,,WI-032,<p>Zgłoszenie helpdesk: Brak dostępu do VPN. Lokalizacja: Remote. Numer sprawy wewnętrznej HD-0032.</p>,W kolejce,urgent,False,EPIK-APPS,Incydent,"[""Dostęp"", ""Sieć""]",[],"{""Lokalizacja"": ""Remote"", ""Numer inwentarzowy"": ""IT-1032"", ""Wpływ"": ""Cała firma""}"
work_item,Drukarka nie drukuje #33,,,,,,,,,,,,,,,,,,,,WI-033,<p>Zgłoszenie helpdesk: Drukarka nie drukuje. Lokalizacja: Biuro B. Numer sprawy wewnętrznej HD-0033.</p>,W trakcie,medium,False,EPIK-ONBOARD,Incydent,"[""Drukarka"", ""Hardware""]","[""helpdesk.lead@example.com"", ""network.admin@example.com""]","{""Lokalizacja"": ""Biuro B"", ""Numer inwentarzowy"": ""IT-1033"", ""Czas rozwiązania (h)"": 2, ""Wpływ"": ""Jeden użytkownik""}"
work_item,Reset hasła AD #34,,,2026-02-01,,,,,,,,,,,,,,,,,WI-034,<p>Zgłoszenie helpdesk: Reset hasła AD. Lokalizacja: Biuro A. Numer sprawy wewnętrznej HD-0034.</p>,Oczekuje na usera,low,False,EPIK-NET,Task,"[""Dostęp"", ""Software""]",[],"{""Lokalizacja"": ""Biuro A"", ""Numer inwentarzowy"": ""IT-1034""}"
work_item,Instalacja pakietu Office #35,,,,,,,,,,,,,,,,,,,,WI-035,<p>Zgłoszenie helpdesk: Instalacja pakietu Office. Lokalizacja: Biuro A. Numer sprawy wewnętrznej HD-0035.</p>,Rozwiązane,medium,False,EPIK-ID,Zmiana,"[""Software""]",[],"{""Lokalizacja"": ""Biuro A"", ""Numer inwentarzowy"": ""IT-1035""}"
work_item,Nowy monitor na stanowisku #36,,,2026-02-01,2026-03-15,,,,,,,,,,,,,,,,WI-036,<p>Zgłoszenie helpdesk: Nowy monitor na stanowisku. Lokalizacja: Biuro B. Numer sprawy wewnętrznej HD-0036.</p>,Nowe,low,False,EPIK-APPS,Zmiana,"[""Hardware""]","[""onboarding@example.com""]","{""Lokalizacja"": ""Biuro B"", ""Numer inwentarzowy"": ""IT-1036"", ""Czas rozwiązania (h)"": 5}"
work_item,Wolne łącze Wi‑Fi #37,,,,,,,,,,,,,,,,,,,,WI-037,<p>Zgłoszenie helpdesk: Wolne łącze Wi‑Fi. Lokalizacja: Biuro A. Numer sprawy wewnętrznej HD-0037.</p>,W kolejce,high,False,EPIK-ONBOARD,Incydent,"[""Sieć"", ""Pilne""]",[],"{""Lokalizacja"": ""Biuro A"", ""Numer inwentarzowy"": ""IT-1037"", ""Wpływ"": ""Zespół""}"
work_item,Konfiguracja skrzynki shared #38,,,2026-02-01,,,,,,,,,,,,,,,,,WI-038,<p>Zgłoszenie helpdesk: Konfiguracja skrzynki shared. Lokalizacja: Remote. Numer sprawy wewnętrznej HD-0038.</p>,W trakcie,medium,False,EPIK-NET,Zmiana,"[""Dostęp"", ""Software""]",[],"{""Lokalizacja"": ""Remote"", ""Numer inwentarzowy"": ""IT-1038""}"
work_item,Aktualizacja Windows #39,,,,,,,,,,,,,,,,,,,,WI-039,<p>Zgłoszenie helpdesk: Aktualizacja Windows. Lokalizacja: Biuro A. Numer sprawy wewnętrznej HD-0039.</p>,Oczekuje na usera,low,False,EPIK-ID,Zmiana,"[""Software""]","[""nieistniejacy.user@example.com""]","{""Lokalizacja"": ""Biuro A"", ""Numer inwentarzowy"": ""IT-1039"", ""Czas rozwiązania (h)"": 8}"
work_item,Awaria switcha piętro 2 #40,,,2026-02-01,2026-03-15,,,,,,,,,,,,,,,,WI-040,<p>Zgłoszenie helpdesk: Awaria switcha piętro 2. Lokalizacja: Biuro B. Numer sprawy wewnętrznej HD-0040.</p>,Rozwiązane,urgent,False,EPIK-APPS,Incydent,"[""Sieć"", ""Pilne""]",[],"{""Lokalizacja"": ""Biuro B"", ""Numer inwentarzowy"": ""IT-1040"", ""Wpływ"": ""Zespół""}"
work_item,Laptop nie startuje #41,,,,,,,,,,,,,,,,,,,,WI-041,<p>Zgłoszenie helpdesk: Laptop nie startuje. Lokalizacja: Biuro A. Numer sprawy wewnętrznej HD-0041.</p>,Nowe,high,False,EPIK-ONBOARD,Incydent,"[""Hardware"", ""Pilne""]",[],"{""Lokalizacja"": ""Biuro A"", ""Numer inwentarzowy"": ""IT-1041"", ""Wpływ"": ""Cała firma""}"
work_item,Brak dostępu do VPN #42,,,2026-02-01,,,,,,,,,,,,,,,,,WI-042,<p>Zgłoszenie helpdesk: Brak dostępu do VPN. Lokalizacja: Remote. Numer sprawy wewnętrznej HD-0042.</p>,W kolejce,urgent,False,EPIK-NET,Incydent,"[""Dostęp"", ""Sieć""]","[""network.admin@example.com"", ""nieistniejacy.user@example.com""]","{""Lokalizacja"": ""Remote"", ""Numer inwentarzowy"": ""IT-1042"", ""Czas rozwiązania (h)"": 3, ""Wpływ"": ""Jeden użytkownik""}"
work_item,Drukarka nie drukuje #43,,,,,,,,,,,,,,,,,,,,WI-043,<p>Zgłoszenie helpdesk: Drukarka nie drukuje. Lokalizacja: Biuro B. Numer sprawy wewnętrznej HD-0043.</p>,W trakcie,medium,False,EPIK-ID,Incydent,"[""Drukarka"", ""Hardware""]",[],"{""Lokalizacja"": ""Biuro B"", ""Numer inwentarzowy"": ""IT-1043"", ""Wpływ"": ""Zespół""}"
work_item,Reset hasła AD #44,,,2026-02-01,2026-03-15,,,,,,,,,,,,,,,,WI-044,<p>Zgłoszenie helpdesk: Reset hasła AD. Lokalizacja: Biuro A. Numer sprawy wewnętrznej HD-0044.</p>,Oczekuje na usera,low,False,EPIK-APPS,Task,"[""Dostęp"", ""Software""]",[],"{""Lokalizacja"": ""Biuro A"", ""Numer inwentarzowy"": ""IT-1044""}"
work_item,Instalacja pakietu Office #45,,,,,,,,,,,,,,,,,,,,WI-045,<p>Zgłoszenie helpdesk: Instalacja pakietu Office. Lokalizacja: Biuro A. Numer sprawy wewnętrznej HD-0045.</p>,Rozwiązane,medium,False,EPIK-ONBOARD,Zmiana,"[""Software""]","[""helpdesk.lead@example.com""]","{""Lokalizacja"": ""Biuro A"", ""Numer inwentarzowy"": ""IT-1045"", ""Czas rozwiązania (h)"": 6}"
work_item,Nowy monitor na stanowisku #46,,,2026-02-01,,,,,,,,,,,,,,,,,WI-046,<p>Zgłoszenie helpdesk: Nowy monitor na stanowisku. Lokalizacja: Biuro B. Numer sprawy wewnętrznej HD-0046.</p>,Nowe,low,False,EPIK-NET,Zmiana,"[""Hardware""]",[],"{""Lokalizacja"": ""Biuro B"", ""Numer inwentarzowy"": ""IT-1046""}"
work_item,Wolne łącze Wi‑Fi #47,,,,,,,,,,,,,,,,,,,,WI-047,<p>Zgłoszenie helpdesk: Wolne łącze Wi‑Fi. Lokalizacja: Biuro A. Numer sprawy wewnętrznej HD-0047.</p>,W kolejce,high,False,EPIK-ID,Incydent,"[""Sieć"", ""Pilne""]",[],"{""Lokalizacja"": ""Biuro A"", ""Numer inwentarzowy"": ""IT-1047"", ""Wpływ"": ""Cała firma""}"
work_item,Konfiguracja skrzynki shared #48,,,2026-02-01,2026-03-15,,,,,,,,,,,,,,,,WI-048,<p>Zgłoszenie helpdesk: Konfiguracja skrzynki shared. Lokalizacja: Remote. Numer sprawy wewnętrznej HD-0048.</p>,W trakcie,medium,False,EPIK-APPS,Zmiana,"[""Dostęp"", ""Software""]","[""onboarding@example.com""]","{""Lokalizacja"": ""Remote"", ""Numer inwentarzowy"": ""IT-1048"", ""Czas rozwiązania (h)"": 1}"
work_item,Aktualizacja Windows #49,,,,,,,,,,,,,,,,,,,,WI-049,<p>Zgłoszenie helpdesk: Aktualizacja Windows. Lokalizacja: Biuro A. Numer sprawy wewnętrznej HD-0049.</p>,Oczekuje na usera,low,False,EPIK-ONBOARD,Zmiana,"[""Software""]",[],"{""Lokalizacja"": ""Biuro A"", ""Numer inwentarzowy"": ""IT-1049""}"
work_item,Awaria switcha piętro 2 #50,,,2026-02-01,,,,,,,,,,,,,,,,,WI-050,<p>Zgłoszenie helpdesk: Awaria switcha piętro 2. Lokalizacja: Biuro B. Numer sprawy wewnętrznej HD-0050.</p>,Rozwiązane,urgent,False,EPIK-NET,Incydent,"[""Sieć"", ""Pilne""]",[],"{""Lokalizacja"": ""Biuro B"", ""Numer inwentarzowy"": ""IT-1050"", ""Wpływ"": ""Cała firma""}"
work_item,Laptop nie startuje #51,,,,,,,,,,,,,,,,,,,,WI-051,<p>Zgłoszenie helpdesk: Laptop nie startuje. Lokalizacja: Biuro A. Numer sprawy wewnętrznej HD-0051.</p>,Nowe,high,False,EPIK-ID,Incydent,"[""Hardware"", ""Pilne""]","[""nieistniejacy.user@example.com"", ""onboarding@example.com""]","{""Lokalizacja"": ""Biuro A"", ""Numer inwentarzowy"": ""IT-1051"", ""Czas rozwiązania (h)"": 4, ""Wpływ"": ""Jeden użytkownik""}"
work_item,Brak dostępu do VPN #52,,,2026-02-01,2026-03-15,,,,,,,,,,,,,,,,WI-052,<p>Zgłoszenie helpdesk: Brak dostępu do VPN. Lokalizacja: Remote. Numer sprawy wewnętrznej HD-0052.</p>,W kolejce,urgent,False,EPIK-APPS,Incydent,"[""Dostęp"", ""Sieć""]",[],"{""Lokalizacja"": ""Remote"", ""Numer inwentarzowy"": ""IT-1052"", ""Wpływ"": ""Zespół""}"
work_item,Drukarka nie drukuje #53,,,,,,,,,,,,,,,,,,,,WI-053,<p>Zgłoszenie helpdesk: Drukarka nie drukuje. Lokalizacja: Biuro B. Numer sprawy wewnętrznej HD-0053.</p>,W trakcie,medium,False,EPIK-ONBOARD,Incydent,"[""Drukarka"", ""Hardware""]",[],"{""Lokalizacja"": ""Biuro B"", ""Numer inwentarzowy"": ""IT-1053"", ""Wpływ"": ""Cała firma""}"
work_item,Reset hasła AD #54,,,2026-02-01,,,,,,,,,,,,,,,,,WI-054,<p>Zgłoszenie helpdesk: Reset hasła AD. Lokalizacja: Biuro A. Numer sprawy wewnętrznej HD-0054.</p>,Oczekuje na usera,low,False,EPIK-NET,Task,"[""Dostęp"", ""Software""]","[""network.admin@example.com""]","{""Lokalizacja"": ""Biuro A"", ""Numer inwentarzowy"": ""IT-1054"", ""Czas rozwiązania (h)"": 7}"
work_item,Instalacja pakietu Office #55,,,,,,,,,,,,,,,,,,,,WI-055,<p>Zgłoszenie helpdesk: Instalacja pakietu Office. Lokalizacja: Biuro A. Numer sprawy wewnętrznej HD-0055.</p>,Rozwiązane,medium,False,EPIK-ID,Zmiana,"[""Software""]",[],"{""Lokalizacja"": ""Biuro A"", ""Numer inwentarzowy"": ""IT-1055""}"
work_item,Nowy monitor na stanowisku #56,,,2026-02-01,2026-03-15,,,,,,,,,,,,,,,,WI-056,<p>Zgłoszenie helpdesk: Nowy monitor na stanowisku. Lokalizacja: Biuro B. Numer sprawy wewnętrznej HD-0056.</p>,Nowe,low,False,EPIK-APPS,Zmiana,"[""Hardware""]",[],"{""Lokalizacja"": ""Biuro B"", ""Numer inwentarzowy"": ""IT-1056""}"
work_item,Wolne łącze Wi‑Fi #57,,,,,,,,,,,,,,,,,,,,WI-057,<p>Zgłoszenie helpdesk: Wolne łącze Wi‑Fi. Lokalizacja: Biuro A. Numer sprawy wewnętrznej HD-0057.</p>,W kolejce,high,False,EPIK-ONBOARD,Incydent,"[""Sieć"", ""Pilne""]","[""helpdesk.lead@example.com""]","{""Lokalizacja"": ""Biuro A"", ""Numer inwentarzowy"": ""IT-1057"", ""Czas rozwiązania (h)"": 2, ""Wpływ"": ""Jeden użytkownik""}"
work_item,Konfiguracja skrzynki shared #58,,,2026-02-01,,,,,,,,,,,,,,,,,WI-058,<p>Zgłoszenie helpdesk: Konfiguracja skrzynki shared. Lokalizacja: Remote. Numer sprawy wewnętrznej HD-0058.</p>,W trakcie,medium,False,EPIK-NET,Zmiana,"[""Dostęp"", ""Software""]",[],"{""Lokalizacja"": ""Remote"", ""Numer inwentarzowy"": ""IT-1058""}"
work_item,Aktualizacja Windows #59,,,,,,,,,,,,,,,,,,,,WI-059,<p>Zgłoszenie helpdesk: Aktualizacja Windows. Lokalizacja: Biuro A. Numer sprawy wewnętrznej HD-0059.</p>,Oczekuje na usera,low,False,EPIK-ID,Zmiana,"[""Software""]",[],"{""Lokalizacja"": ""Biuro A"", ""Numer inwentarzowy"": ""IT-1059""}"
work_item,Awaria switcha piętro 2 #60,,,2026-02-01,2026-03-15,,,,,,,,,,,,,,,,WI-060,<p>Zgłoszenie helpdesk: Awaria switcha piętro 2. Lokalizacja: Biuro B. Numer sprawy wewnętrznej HD-0060.</p>,Rozwiązane,urgent,False,EPIK-APPS,Incydent,"[""Sieć"", ""Pilne""]","[""onboarding@example.com"", ""helpdesk.lead@example.com""]","{""Lokalizacja"": ""Biuro B"", ""Numer inwentarzowy"": ""IT-1060"", ""Czas rozwiązania (h)"": 5, ""Wpływ"": ""Jeden użytkownik""}"
work_item,Laptop nie startuje #61,,,,,,,,,,,,,,,,,,,,WI-061,<p>Zgłoszenie helpdesk: Laptop nie startuje. Lokalizacja: Biuro A. Numer sprawy wewnętrznej HD-0061.</p>,Nowe,high,False,EPIK-ONBOARD,Incydent,"[""Hardware"", ""Pilne""]",[],"{""Lokalizacja"": ""Biuro A"", ""Numer inwentarzowy"": ""IT-1061"", ""Wpływ"": ""Zespół""}"
work_item,Brak dostępu do VPN #62,,,2026-02-01,,,,,,,,,,,,,,,,,WI-062,<p>Zgłoszenie helpdesk: Brak dostępu do VPN. Lokalizacja: Remote. Numer sprawy wewnętrznej HD-0062.</p>,W kolejce,urgent,False,EPIK-NET,Incydent,"[""Dostęp"", ""Sieć""]",[],"{""Lokalizacja"": ""Remote"", ""Numer inwentarzowy"": ""IT-1062"", ""Wpływ"": ""Cała firma""}"
work_item,Drukarka nie drukuje #63,,,,,,,,,,,,,,,,,,,,WI-063,<p>Zgłoszenie helpdesk: Drukarka nie drukuje. Lokalizacja: Biuro B. Numer sprawy wewnętrznej HD-0063.</p>,W trakcie,medium,False,EPIK-ID,Incydent,"[""Drukarka"", ""Hardware""]","[""nieistniejacy.user@example.com""]","{""Lokalizacja"": ""Biuro B"", ""Numer inwentarzowy"": ""IT-1063"", ""Czas rozwiązania (h)"": 8, ""Wpływ"": ""Jeden użytkownik""}"
work_item,Reset hasła AD #64,,,2026-02-01,2026-03-15,,,,,,,,,,,,,,,,WI-064,<p>Zgłoszenie helpdesk: Reset hasła AD. Lokalizacja: Biuro A. Numer sprawy wewnętrznej HD-0064.</p>,Oczekuje na usera,low,False,EPIK-APPS,Task,"[""Dostęp"", ""Software""]",[],"{""Lokalizacja"": ""Biuro A"", ""Numer inwentarzowy"": ""IT-1064""}"
work_item,Instalacja pakietu Office #65,,,,,,,,,,,,,,,,,,,,WI-065,<p>Zgłoszenie helpdesk: Instalacja pakietu Office. Lokalizacja: Biuro A. Numer sprawy wewnętrznej HD-0065.</p>,Rozwiązane,medium,False,EPIK-ONBOARD,Zmiana,"[""Software""]",[],"{""Lokalizacja"": ""Biuro A"", ""Numer inwentarzowy"": ""IT-1065""}"
work_item,Nowy monitor na stanowisku #66,,,2026-02-01,,,,,,,,,,,,,,,,,WI-066,<p>Zgłoszenie helpdesk: Nowy monitor na stanowisku. Lokalizacja: Biuro B. Numer sprawy wewnętrznej HD-0066.</p>,Nowe,low,False,EPIK-NET,Zmiana,"[""Hardware""]","[""network.admin@example.com""]","{""Lokalizacja"": ""Biuro B"", ""Numer inwentarzowy"": ""IT-1066"", ""Czas rozwiązania (h)"": 3}"
work_item,Wolne łącze Wi‑Fi #67,,,,,,,,,,,,,,,,,,,,WI-067,<p>Zgłoszenie helpdesk: Wolne łącze Wi‑Fi. Lokalizacja: Biuro A. Numer sprawy wewnętrznej HD-0067.</p>,W kolejce,high,False,EPIK-ID,Incydent,"[""Sieć"", ""Pilne""]",[],"{""Lokalizacja"": ""Biuro A"", ""Numer inwentarzowy"": ""IT-1067"", ""Wpływ"": ""Zespół""}"
work_item,Konfiguracja skrzynki shared #68,,,2026-02-01,2026-03-15,,,,,,,,,,,,,,,,WI-068,<p>Zgłoszenie helpdesk: Konfiguracja skrzynki shared. Lokalizacja: Remote. Numer sprawy wewnętrznej HD-0068.</p>,W trakcie,medium,False,EPIK-APPS,Zmiana,"[""Dostęp"", ""Software""]",[],"{""Lokalizacja"": ""Remote"", ""Numer inwentarzowy"": ""IT-1068""}"
work_item,Aktualizacja Windows #69,,,,,,,,,,,,,,,,,,,,WI-069,<p>Zgłoszenie helpdesk: Aktualizacja Windows. Lokalizacja: Biuro A. Numer sprawy wewnętrznej HD-0069.</p>,Oczekuje na usera,low,False,EPIK-ONBOARD,Zmiana,"[""Software""]","[""helpdesk.lead@example.com"", ""network.admin@example.com""]","{""Lokalizacja"": ""Biuro A"", ""Numer inwentarzowy"": ""IT-1069"", ""Czas rozwiązania (h)"": 6}"
work_item,Awaria switcha piętro 2 #70,,,2026-02-01,,,,,,,,,,,,,,,,,WI-070,<p>Zgłoszenie helpdesk: Awaria switcha piętro 2. Lokalizacja: Biuro B. Numer sprawy wewnętrznej HD-0070.</p>,Rozwiązane,urgent,False,EPIK-NET,Incydent,"[""Sieć"", ""Pilne""]",[],"{""Lokalizacja"": ""Biuro B"", ""Numer inwentarzowy"": ""IT-1070"", ""Wpływ"": ""Zespół""}"
work_item,Laptop nie startuje #71,,,,,,,,,,,,,,,,,,,,WI-071,<p>Zgłoszenie helpdesk: Laptop nie startuje. Lokalizacja: Biuro A. Numer sprawy wewnętrznej HD-0071.</p>,Nowe,high,False,EPIK-ID,Incydent,"[""Hardware"", ""Pilne""]",[],"{""Lokalizacja"": ""Biuro A"", ""Numer inwentarzowy"": ""IT-1071"", ""Wpływ"": ""Cała firma""}"
work_item,Brak dostępu do VPN #72,,,2026-02-01,2026-03-15,,,,,,,,,,,,,,,,WI-072,<p>Zgłoszenie helpdesk: Brak dostępu do VPN. Lokalizacja: Remote. Numer sprawy wewnętrznej HD-0072.</p>,W kolejce,urgent,False,EPIK-APPS,Incydent,"[""Dostęp"", ""Sieć""]","[""onboarding@example.com""]","{""Lokalizacja"": ""Remote"", ""Numer inwentarzowy"": ""IT-1072"", ""Czas rozwiązania (h)"": 1, ""Wpływ"": ""Jeden użytkownik""}"
work_item,Drukarka nie drukuje #73,,,,,,,,,,,,,,,,,,,,WI-073,<p>Zgłoszenie helpdesk: Drukarka nie drukuje. Lokalizacja: Biuro B. Numer sprawy wewnętrznej HD-0073.</p>,W trakcie,medium,False,EPIK-ONBOARD,Incydent,"[""Drukarka"", ""Hardware""]",[],"{""Lokalizacja"": ""Biuro B"", ""Numer inwentarzowy"": ""IT-1073"", ""Wpływ"": ""Zespół""}"
work_item,Reset hasła AD #74,,,2026-02-01,,,,,,,,,,,,,,,,,WI-074,<p>Zgłoszenie helpdesk: Reset hasła AD. Lokalizacja: Biuro A. Numer sprawy wewnętrznej HD-0074.</p>,Oczekuje na usera,low,False,EPIK-NET,Task,"[""Dostęp"", ""Software""]",[],"{""Lokalizacja"": ""Biuro A"", ""Numer inwentarzowy"": ""IT-1074""}"
work_item,Instalacja pakietu Office #75,,,,,,,,,,,,,,,,,,,,WI-075,<p>Zgłoszenie helpdesk: Instalacja pakietu Office. Lokalizacja: Biuro A. Numer sprawy wewnętrznej HD-0075.</p>,Rozwiązane,medium,False,EPIK-ID,Zmiana,"[""Software""]","[""nieistniejacy.user@example.com""]","{""Lokalizacja"": ""Biuro A"", ""Numer inwentarzowy"": ""IT-1075"", ""Czas rozwiązania (h)"": 4}"
work_item,Nowy monitor na stanowisku #76,,,2026-02-01,2026-03-15,,,,,,,,,,,,,,,,WI-076,<p>Zgłoszenie helpdesk: Nowy monitor na stanowisku. Lokalizacja: Biuro B. Numer sprawy wewnętrznej HD-0076.</p>,Nowe,low,False,EPIK-APPS,Zmiana,"[""Hardware""]",[],"{""Lokalizacja"": ""Biuro B"", ""Numer inwentarzowy"": ""IT-1076""}"
work_item,Wolne łącze Wi‑Fi #77,,,,,,,,,,,,,,,,,,,,WI-077,<p>Zgłoszenie helpdesk: Wolne łącze Wi‑Fi. Lokalizacja: Biuro A. Numer sprawy wewnętrznej HD-0077.</p>,W kolejce,high,False,EPIK-ONBOARD,Incydent,"[""Sieć"", ""Pilne""]",[],"{""Lokalizacja"": ""Biuro A"", ""Numer inwentarzowy"": ""IT-1077"", ""Wpływ"": ""Cała firma""}"
work_item,Konfiguracja skrzynki shared #78,,,2026-02-01,,,,,,,,,,,,,,,,,WI-078,<p>Zgłoszenie helpdesk: Konfiguracja skrzynki shared. Lokalizacja: Remote. Numer sprawy wewnętrznej HD-0078.</p>,W trakcie,medium,False,EPIK-NET,Zmiana,"[""Dostęp"", ""Software""]","[""network.admin@example.com"", ""nieistniejacy.user@example.com""]","{""Lokalizacja"": ""Remote"", ""Numer inwentarzowy"": ""IT-1078"", ""Czas rozwiązania (h)"": 7}"
work_item,Aktualizacja Windows #79,,,,,,,,,,,,,,,,,,,,WI-079,<p>Zgłoszenie helpdesk: Aktualizacja Windows. Lokalizacja: Biuro A. Numer sprawy wewnętrznej HD-0079.</p>,Oczekuje na usera,low,False,EPIK-ID,Zmiana,"[""Software""]",[],"{""Lokalizacja"": ""Biuro A"", ""Numer inwentarzowy"": ""IT-1079""}"
work_item,Awaria switcha piętro 2 #80,,,2026-02-01,2026-03-15,,,,,,,,,,,,,,,,WI-080,<p>Zgłoszenie helpdesk: Awaria switcha piętro 2. Lokalizacja: Biuro B. Numer sprawy wewnętrznej HD-0080.</p>,Rozwiązane,urgent,False,EPIK-APPS,Incydent,"[""Sieć"", ""Pilne""]",[],"{""Lokalizacja"": ""Biuro B"", ""Numer inwentarzowy"": ""IT-1080"", ""Wpływ"": ""Cała firma""}"
work_item,Laptop nie startuje #81,,,,,,,,,,,,,,,,,,,,WI-081,<p>Zgłoszenie helpdesk: Laptop nie startuje. Lokalizacja: Biuro A. Numer sprawy wewnętrznej HD-0081.</p>,Nowe,high,False,EPIK-ONBOARD,Incydent,"[""Hardware"", ""Pilne""]","[""helpdesk.lead@example.com""]","{""Lokalizacja"": ""Biuro A"", ""Numer inwentarzowy"": ""IT-1081"", ""Czas rozwiązania (h)"": 2, ""Wpływ"": ""Jeden użytkownik""}"
work_item,Brak dostępu do VPN #82,,,2026-02-01,,,,,,,,,,,,,,,,,WI-082,<p>Zgłoszenie helpdesk: Brak dostępu do VPN. Lokalizacja: Remote. Numer sprawy wewnętrznej HD-0082.</p>,W kolejce,urgent,False,EPIK-NET,Incydent,"[""Dostęp"", ""Sieć""]",[],"{""Lokalizacja"": ""Remote"", ""Numer inwentarzowy"": ""IT-1082"", ""Wpływ"": ""Zespół""}"
work_item,Drukarka nie drukuje #83,,,,,,,,,,,,,,,,,,,,WI-083,<p>Zgłoszenie helpdesk: Drukarka nie drukuje. Lokalizacja: Biuro B. Numer sprawy wewnętrznej HD-0083.</p>,W trakcie,medium,False,EPIK-ID,Incydent,"[""Drukarka"", ""Hardware""]",[],"{""Lokalizacja"": ""Biuro B"", ""Numer inwentarzowy"": ""IT-1083"", ""Wpływ"": ""Cała firma""}"
work_item,Reset hasła AD #84,,,2026-02-01,2026-03-15,,,,,,,,,,,,,,,,WI-084,<p>Zgłoszenie helpdesk: Reset hasła AD. Lokalizacja: Biuro A. Numer sprawy wewnętrznej HD-0084.</p>,Oczekuje na usera,low,False,EPIK-APPS,Task,"[""Dostęp"", ""Software""]","[""onboarding@example.com""]","{""Lokalizacja"": ""Biuro A"", ""Numer inwentarzowy"": ""IT-1084"", ""Czas rozwiązania (h)"": 5}"
work_item,Instalacja pakietu Office #85,,,,,,,,,,,,,,,,,,,,WI-085,<p>Zgłoszenie helpdesk: Instalacja pakietu Office. Lokalizacja: Biuro A. Numer sprawy wewnętrznej HD-0085.</p>,Rozwiązane,medium,False,EPIK-ONBOARD,Zmiana,"[""Software""]",[],"{""Lokalizacja"": ""Biuro A"", ""Numer inwentarzowy"": ""IT-1085""}"
work_item,Nowy monitor na stanowisku #86,,,2026-02-01,,,,,,,,,,,,,,,,,WI-086,<p>Zgłoszenie helpdesk: Nowy monitor na stanowisku. Lokalizacja: Biuro B. Numer sprawy wewnętrznej HD-0086.</p>,Nowe,low,False,EPIK-NET,Zmiana,"[""Hardware""]",[],"{""Lokalizacja"": ""Biuro B"", ""Numer inwentarzowy"": ""IT-1086""}"
work_item,Wolne łącze Wi‑Fi #87,,,,,,,,,,,,,,,,,,,,WI-087,<p>Zgłoszenie helpdesk: Wolne łącze Wi‑Fi. Lokalizacja: Biuro A. Numer sprawy wewnętrznej HD-0087.</p>,W kolejce,high,False,EPIK-ID,Incydent,"[""Sieć"", ""Pilne""]","[""nieistniejacy.user@example.com"", ""onboarding@example.com""]","{""Lokalizacja"": ""Biuro A"", ""Numer inwentarzowy"": ""IT-1087"", ""Czas rozwiązania (h)"": 8, ""Wpływ"": ""Jeden użytkownik""}"
work_item,Konfiguracja skrzynki shared #88,,,2026-02-01,2026-03-15,,,,,,,,,,,,,,,,WI-088,<p>Zgłoszenie helpdesk: Konfiguracja skrzynki shared. Lokalizacja: Remote. Numer sprawy wewnętrznej HD-0088.</p>,W trakcie,medium,False,EPIK-APPS,Zmiana,"[""Dostęp"", ""Software""]",[],"{""Lokalizacja"": ""Remote"", ""Numer inwentarzowy"": ""IT-1088""}"
work_item,Aktualizacja Windows #89,,,,,,,,,,,,,,,,,,,,WI-089,<p>Zgłoszenie helpdesk: Aktualizacja Windows. Lokalizacja: Biuro A. Numer sprawy wewnętrznej HD-0089.</p>,Oczekuje na usera,low,False,EPIK-ONBOARD,Zmiana,"[""Software""]",[],"{""Lokalizacja"": ""Biuro A"", ""Numer inwentarzowy"": ""IT-1089""}"
work_item,Awaria switcha piętro 2 #90,,,2026-02-01,,,,,,,,,,,,,,,,,WI-090,<p>Zgłoszenie helpdesk: Awaria switcha piętro 2. Lokalizacja: Biuro B. Numer sprawy wewnętrznej HD-0090.</p>,Rozwiązane,urgent,False,EPIK-NET,Incydent,"[""Sieć"", ""Pilne""]","[""network.admin@example.com""]","{""Lokalizacja"": ""Biuro B"", ""Numer inwentarzowy"": ""IT-1090"", ""Czas rozwiązania (h)"": 3, ""Wpływ"": ""Jeden użytkownik""}"
work_item,Laptop nie startuje #91,,,,,,,,,,,,,,,,,,,,WI-091,<p>Zgłoszenie helpdesk: Laptop nie startuje. Lokalizacja: Biuro A. Numer sprawy wewnętrznej HD-0091.</p>,Nowe,high,False,EPIK-ID,Incydent,"[""Hardware"", ""Pilne""]",[],"{""Lokalizacja"": ""Biuro A"", ""Numer inwentarzowy"": ""IT-1091"", ""Wpływ"": ""Zespół""}"
work_item,Brak dostępu do VPN #92,,,2026-02-01,2026-03-15,,,,,,,,,,,,,,,,WI-092,<p>Zgłoszenie helpdesk: Brak dostępu do VPN. Lokalizacja: Remote. Numer sprawy wewnętrznej HD-0092.</p>,W kolejce,urgent,False,EPIK-APPS,Incydent,"[""Dostęp"", ""Sieć""]",[],"{""Lokalizacja"": ""Remote"", ""Numer inwentarzowy"": ""IT-1092"", ""Wpływ"": ""Cała firma""}"
work_item,Drukarka nie drukuje #93,,,,,,,,,,,,,,,,,,,,WI-093,<p>Zgłoszenie helpdesk: Drukarka nie drukuje. Lokalizacja: Biuro B. Numer sprawy wewnętrznej HD-0093.</p>,W trakcie,medium,False,EPIK-ONBOARD,Incydent,"[""Drukarka"", ""Hardware""]","[""helpdesk.lead@example.com""]","{""Lokalizacja"": ""Biuro B"", ""Numer inwentarzowy"": ""IT-1093"", ""Czas rozwiązania (h)"": 6, ""Wpływ"": ""Jeden użytkownik""}"
work_item,Reset hasła AD #94,,,2026-02-01,,,,,,,,,,,,,,,,,WI-094,<p>Zgłoszenie helpdesk: Reset hasła AD. Lokalizacja: Biuro A. Numer sprawy wewnętrznej HD-0094.</p>,Oczekuje na usera,low,False,EPIK-NET,Task,"[""Dostęp"", ""Software""]",[],"{""Lokalizacja"": ""Biuro A"", ""Numer inwentarzowy"": ""IT-1094""}"
work_item,Instalacja pakietu Office #95,,,,,,,,,,,,,,,,,,,,WI-095,<p>Zgłoszenie helpdesk: Instalacja pakietu Office. Lokalizacja: Biuro A. Numer sprawy wewnętrznej HD-0095.</p>,Rozwiązane,medium,False,EPIK-ID,Zmiana,"[""Software""]",[],"{""Lokalizacja"": ""Biuro A"", ""Numer inwentarzowy"": ""IT-1095""}"
work_item,Nowy monitor na stanowisku #96,,,2026-02-01,2026-03-15,,,,,,,,,,,,,,,,WI-096,<p>Zgłoszenie helpdesk: Nowy monitor na stanowisku. Lokalizacja: Biuro B. Numer sprawy wewnętrznej HD-0096.</p>,Nowe,low,False,EPIK-APPS,Zmiana,"[""Hardware""]","[""onboarding@example.com"", ""helpdesk.lead@example.com""]","{""Lokalizacja"": ""Biuro B"", ""Numer inwentarzowy"": ""IT-1096"", ""Czas rozwiązania (h)"": 1}"
